{"fieldSets":[{"fields":[{"name":"icon0","label":"icon0","description":"Icons list!","type":"select","dataType":"string","typeOptions":{"validValues":[{"value":"add-cell","label":"ADD-CELL"},{"value":"add-column","label":"ADD-COLUMN"},{"value":"add-role","label":"ADD-ROLE"},{"value":"add-row","label":"ADD-ROW"},{"value":"adjust","label":"ADJUST"},{"value":"align-center","label":"ALIGN-CENTER"},{"value":"align-image-center","label":"ALIGN-IMAGE-CENTER"},{"value":"align-image-full-width","label":"ALIGN-IMAGE-FULL-WIDTH"},{"value":"align-image-left","label":"ALIGN-IMAGE-LEFT"},{"value":"align-image-right","label":"ALIGN-IMAGE-RIGHT"},{"value":"align-justify","label":"ALIGN-JUSTIFY"},{"value":"align-left","label":"ALIGN-LEFT"},{"value":"align-right","label":"ALIGN-RIGHT"},{"value":"analytics","label":"ANALYTICS"},{"value":"angle-down","label":"ANGLE-DOWN"},{"value":"angle-down-small","label":"ANGLE-DOWN-SMALL"},{"value":"angle-left","label":"ANGLE-LEFT"},{"value":"angle-left-small","label":"ANGLE-LEFT-SMALL"},{"value":"angle-right","label":"ANGLE-RIGHT"},{"value":"angle-right-small","label":"ANGLE-RIGHT-SMALL"},{"value":"angle-up","label":"ANGLE-UP"},{"value":"angle-up-small","label":"ANGLE-UP-SMALL"},{"value":"announcement","label":"ANNOUNCEMENT"},{"value":"anonymize","label":"ANONYMIZE"},{"value":"api-lock","label":"API-LOCK"},{"value":"api-web","label":"API-WEB"},{"value":"ar-sa","label":"AR-SA"},{"value":"archive","label":"ARCHIVE"},{"value":"arrow-end","label":"ARROW-END"},{"value":"arrow-join","label":"ARROW-JOIN"},{"value":"arrow-right-full","label":"ARROW-RIGHT-FULL"},{"value":"arrow-split","label":"ARROW-SPLIT"},{"value":"arrow-start","label":"ARROW-START"},{"value":"arrow-up-full","label":"ARROW-UP-FULL"},{"value":"arrow-xor","label":"ARROW-XOR"},{"value":"asterisk","label":"ASTERISK"},{"value":"audio","label":"AUDIO"},{"value":"automatic-translate","label":"AUTOMATIC-TRANSLATE"},{"value":"autosize","label":"AUTOSIZE"},{"value":"background-color","label":"BACKGROUND-COLOR"},{"value":"bars","label":"BARS"},{"value":"bell-full","label":"BELL-FULL"},{"value":"bell-off","label":"BELL-OFF"},{"value":"bell-on","label":"BELL-ON"},{"value":"bg-bg","label":"BG-BG"},{"value":"block","label":"BLOCK"},{"value":"blogs","label":"BLOGS"},{"value":"bold","label":"BOLD"},{"value":"bolt","label":"BOLT"},{"value":"book","label":"BOOK"},{"value":"bookmarks","label":"BOOKMARKS"},{"value":"books","label":"BOOKS"},{"value":"border-style","label":"BORDER-STYLE"},{"value":"border-width","label":"BORDER-WIDTH"},{"value":"box-container","label":"BOX-CONTAINER"},{"value":"breadcrumb","label":"BREADCRUMB"},{"value":"briefcase","label":"BRIEFCASE"},{"value":"button","label":"BUTTON"},{"value":"ca-ad","label":"CA-AD"},{"value":"ca-es","label":"CA-ES"},{"value":"ca-es-valencia","label":"CA-ES-VALENCIA"},{"value":"calendar","label":"CALENDAR"},{"value":"camera","label":"CAMERA"},{"value":"cards","label":"CARDS"},{"value":"cards-full","label":"CARDS-FULL"},{"value":"cards2","label":"CARDS2"},{"value":"caret-bottom","label":"CARET-BOTTOM"},{"value":"caret-bottom-l","label":"CARET-BOTTOM-L"},{"value":"caret-double","label":"CARET-DOUBLE"},{"value":"caret-double-l","label":"CARET-DOUBLE-L"},{"value":"caret-left","label":"CARET-LEFT"},{"value":"caret-left-l","label":"CARET-LEFT-L"},{"value":"caret-right","label":"CARET-RIGHT"},{"value":"caret-right-l","label":"CARET-RIGHT-L"},{"value":"caret-top","label":"CARET-TOP"},{"value":"caret-top-l","label":"CARET-TOP-L"},{"value":"catalog","label":"CATALOG"},{"value":"categories","label":"CATEGORIES"},{"value":"chain-broken","label":"CHAIN-BROKEN"},{"value":"change","label":"CHANGE"},{"value":"change-list","label":"CHANGE-LIST"},{"value":"change-list-disabled","label":"CHANGE-LIST-DISABLED"},{"value":"chatbot","label":"CHATBOT"},{"value":"check","label":"CHECK"},{"value":"check-circle","label":"CHECK-CIRCLE"},{"value":"check-circle-full","label":"CHECK-CIRCLE-FULL"},{"value":"check-small","label":"CHECK-SMALL"},{"value":"check-square","label":"CHECK-SQUARE"},{"value":"chip","label":"CHIP"},{"value":"circle","label":"CIRCLE"},{"value":"closed-book","label":"CLOSED-BOOK"},{"value":"cloud","label":"CLOUD"},{"value":"code","label":"CODE"},{"value":"cog","label":"COG"},{"value":"coin","label":"COIN"},{"value":"color-picker","label":"COLOR-PICKER"},{"value":"columns","label":"COLUMNS"},{"value":"comments","label":"COMMENTS"},{"value":"community","label":"COMMUNITY"},{"value":"compress","label":"COMPRESS"},{"value":"container","label":"CONTAINER"},{"value":"control-panel","label":"CONTROL-PANEL"},{"value":"cookie","label":"COOKIE"},{"value":"copy","label":"COPY"},{"value":"corner-radius","label":"CORNER-RADIUS"},{"value":"credit-card","label":"CREDIT-CARD"},{"value":"cs-cz","label":"CS-CZ"},{"value":"cursor","label":"CURSOR"},{"value":"custom-field","label":"CUSTOM-FIELD"},{"value":"custom-size","label":"CUSTOM-SIZE"},{"value":"cut","label":"CUT"},{"value":"da-dk","label":"DA-DK"},{"value":"date","label":"DATE"},{"value":"date-time","label":"DATE-TIME"},{"value":"de-de","label":"DE-DE"},{"value":"decimal","label":"DECIMAL"},{"value":"desktop","label":"DESKTOP"},{"value":"device-check","label":"DEVICE-CHECK"},{"value":"devices","label":"DEVICES"},{"value":"diagonal-line","label":"DIAGONAL-LINE"},{"value":"diagram","label":"DIAGRAM"},{"value":"diamond","label":"DIAMOND"},{"value":"diary","label":"DIARY"},{"value":"disk","label":"DISK"},{"value":"display","label":"DISPLAY"},{"value":"display-content","label":"DISPLAY-CONTENT"},{"value":"document","label":"DOCUMENT"},{"value":"document-code","label":"DOCUMENT-CODE"},{"value":"document-compressed","label":"DOCUMENT-COMPRESSED"},{"value":"document-default","label":"DOCUMENT-DEFAULT"},{"value":"document-image","label":"DOCUMENT-IMAGE"},{"value":"document-multimedia","label":"DOCUMENT-MULTIMEDIA"},{"value":"document-pdf","label":"DOCUMENT-PDF"},{"value":"document-pending","label":"DOCUMENT-PENDING"},{"value":"document-presentation","label":"DOCUMENT-PRESENTATION"},{"value":"document-table","label":"DOCUMENT-TABLE"},{"value":"document-text","label":"DOCUMENT-TEXT"},{"value":"document-vector","label":"DOCUMENT-VECTOR"},{"value":"documents-and-media","label":"DOCUMENTS-AND-MEDIA"},{"value":"dollar-symbol","label":"DOLLAR-SYMBOL"},{"value":"download","label":"DOWNLOAD"},{"value":"drag","label":"DRAG"},{"value":"drop","label":"DROP"},{"value":"dropdown","label":"DROPDOWN"},{"value":"dynamic-data-list","label":"DYNAMIC-DATA-LIST"},{"value":"dynamic-data-mapping","label":"DYNAMIC-DATA-MAPPING"},{"value":"edit-layout","label":"EDIT-LAYOUT"},{"value":"effects","label":"EFFECTS"},{"value":"el-gr","label":"EL-GR"},{"value":"ellipsis-h","label":"ELLIPSIS-H"},{"value":"ellipsis-v","label":"ELLIPSIS-V"},{"value":"embed","label":"EMBED"},{"value":"emoji","label":"EMOJI"},{"value":"en-au","label":"EN-AU"},{"value":"en-gb","label":"EN-GB"},{"value":"en-us","label":"EN-US"},{"value":"envelope-closed","label":"ENVELOPE-CLOSED"},{"value":"envelope-open","label":"ENVELOPE-OPEN"},{"value":"environment","label":"ENVIRONMENT"},{"value":"environment-connected","label":"ENVIRONMENT-CONNECTED"},{"value":"environment-disconnected","label":"ENVIRONMENT-DISCONNECTED"},{"value":"es-es","label":"ES-ES"},{"value":"et-ee","label":"ET-EE"},{"value":"eu-es","label":"EU-ES"},{"value":"exclamation-circle","label":"EXCLAMATION-CIRCLE"},{"value":"exclamation-full","label":"EXCLAMATION-FULL"},{"value":"expand","label":"EXPAND"},{"value":"export","label":"EXPORT"},{"value":"fa-ir","label":"FA-IR"},{"value":"fi-fi","label":"FI-FI"},{"value":"fieldset","label":"FIELDSET"},{"value":"file-script","label":"FILE-SCRIPT"},{"value":"file-template","label":"FILE-TEMPLATE"},{"value":"file-xsl","label":"FILE-XSL"},{"value":"filter","label":"FILTER"},{"value":"flag-empty","label":"FLAG-EMPTY"},{"value":"flag-full","label":"FLAG-FULL"},{"value":"folder","label":"FOLDER"},{"value":"folder-lock","label":"FOLDER-LOCK"},{"value":"folder-lock-line","label":"FOLDER-LOCK-LINE"},{"value":"font-family","label":"FONT-FAMILY"},{"value":"font-size","label":"FONT-SIZE"},{"value":"form-extensions","label":"FORM-EXTENSIONS"},{"value":"format","label":"FORMAT"},{"value":"forms","label":"FORMS"},{"value":"fr-ca","label":"FR-CA"},{"value":"fr-fr","label":"FR-FR"},{"value":"full-size","label":"FULL-SIZE"},{"value":"geolocation","label":"GEOLOCATION"},{"value":"gl-es","label":"GL-ES"},{"value":"globe","label":"GLOBE"},{"value":"globe-lines","label":"GLOBE-LINES"},{"value":"globe-pin","label":"GLOBE-PIN"},{"value":"google","label":"GOOGLE"},{"value":"google-drive","label":"GOOGLE-DRIVE"},{"value":"grid","label":"GRID"},{"value":"h1","label":"H1"},{"value":"h2","label":"H2"},{"value":"hashtag","label":"HASHTAG"},{"value":"hdd","label":"HDD"},{"value":"heading","label":"HEADING"},{"value":"heart","label":"HEART"},{"value":"heart-full","label":"HEART-FULL"},{"value":"hi-in","label":"HI-IN"},{"value":"hidden","label":"HIDDEN"},{"value":"home","label":"HOME"},{"value":"home-full","label":"HOME-FULL"},{"value":"horizontal-scroll","label":"HORIZONTAL-SCROLL"},{"value":"hr","label":"HR"},{"value":"hr-hr","label":"HR-HR"},{"value":"hu-hu","label":"HU-HU"},{"value":"import","label":"IMPORT"},{"value":"import-export","label":"IMPORT-EXPORT"},{"value":"import-list","label":"IMPORT-LIST"},{"value":"in-id","label":"IN-ID"},{"value":"indent-less","label":"INDENT-LESS"},{"value":"indent-more","label":"INDENT-MORE"},{"value":"info-book","label":"INFO-BOOK"},{"value":"info-circle","label":"INFO-CIRCLE"},{"value":"info-circle-open","label":"INFO-CIRCLE-OPEN"},{"value":"info-panel-closed","label":"INFO-PANEL-CLOSED"},{"value":"info-panel-open","label":"INFO-PANEL-OPEN"},{"value":"information-live","label":"INFORMATION-LIVE"},{"value":"integer","label":"INTEGER"},{"value":"it-it","label":"IT-IT"},{"value":"italic","label":"ITALIC"},{"value":"iw-il","label":"IW-IL"},{"value":"ja-jp","label":"JA-JP"},{"value":"kk-kz","label":"KK-KZ"},{"value":"ko-kr","label":"KO-KR"},{"value":"liferay-ac","label":"LIFERAY-AC"},{"value":"link","label":"LINK"},{"value":"list","label":"LIST"},{"value":"list-ol","label":"LIST-OL"},{"value":"list-ol-rtl","label":"LIST-OL-RTL"},{"value":"list-ul","label":"LIST-UL"},{"value":"list-ul-rtl","label":"LIST-UL-RTL"},{"value":"live","label":"LIVE"},{"value":"lo-la","label":"LO-LA"},{"value":"lock","label":"LOCK"},{"value":"lock-dots","label":"LOCK-DOTS"},{"value":"logout","label":"LOGOUT"},{"value":"low-vision","label":"LOW-VISION"},{"value":"lt-lt","label":"LT-LT"},{"value":"magic","label":"MAGIC"},{"value":"maps","label":"MAPS"},{"value":"mark-as-answer","label":"MARK-AS-ANSWER"},{"value":"mark-as-question","label":"MARK-AS-QUESTION"},{"value":"megaphone-full","label":"MEGAPHONE-FULL"},{"value":"merge","label":"MERGE"},{"value":"message","label":"MESSAGE"},{"value":"message-boards","label":"MESSAGE-BOARDS"},{"value":"minus-circle","label":"MINUS-CIRCLE"},{"value":"mobile-device-rules","label":"MOBILE-DEVICE-RULES"},{"value":"mobile-landscape","label":"MOBILE-LANDSCAPE"},{"value":"mobile-portrait","label":"MOBILE-PORTRAIT"},{"value":"moon","label":"MOON"},{"value":"move","label":"MOVE"},{"value":"move-folder","label":"MOVE-FOLDER"},{"value":"ms-my","label":"MS-MY"},{"value":"myspace","label":"MYSPACE"},{"value":"nb-no","label":"NB-NO"},{"value":"nl-be","label":"NL-BE"},{"value":"nl-nl","label":"NL-NL"},{"value":"nodes","label":"NODES"},{"value":"number","label":"NUMBER"},{"value":"oauth","label":"OAUTH"},{"value":"opacity","label":"OPACITY"},{"value":"open-id","label":"OPEN-ID"},{"value":"order-arrow","label":"ORDER-ARROW"},{"value":"order-arrow-down","label":"ORDER-ARROW-DOWN"},{"value":"order-arrow-left","label":"ORDER-ARROW-LEFT"},{"value":"order-arrow-right","label":"ORDER-ARROW-RIGHT"},{"value":"order-arrow-up","label":"ORDER-ARROW-UP"},{"value":"order-ascending","label":"ORDER-ASCENDING"},{"value":"order-descending","label":"ORDER-DESCENDING"},{"value":"order-form","label":"ORDER-FORM"},{"value":"order-form-cog","label":"ORDER-FORM-COG"},{"value":"order-form-pencil","label":"ORDER-FORM-PENCIL"},{"value":"order-form-tag","label":"ORDER-FORM-TAG"},{"value":"order-list-down","label":"ORDER-LIST-DOWN"},{"value":"order-list-up","label":"ORDER-LIST-UP"},{"value":"organizations","label":"ORGANIZATIONS"},{"value":"page","label":"PAGE"},{"value":"page-template","label":"PAGE-TEMPLATE"},{"value":"pages-tree","label":"PAGES-TREE"},{"value":"paperclip","label":"PAPERCLIP"},{"value":"paragraph","label":"PARAGRAPH"},{"value":"password-policies","label":"PASSWORD-POLICIES"},{"value":"paste","label":"PASTE"},{"value":"paste-plaintext","label":"PASTE-PLAINTEXT"},{"value":"paste-word","label":"PASTE-WORD"},{"value":"pause","label":"PAUSE"},{"value":"pencil","label":"PENCIL"},{"value":"percentage-banner","label":"PERCENTAGE-BANNER"},{"value":"percentage-symbol","label":"PERCENTAGE-SYMBOL"},{"value":"phone","label":"PHONE"},{"value":"picture","label":"PICTURE"},{"value":"pin","label":"PIN"},{"value":"pin-full","label":"PIN-FULL"},{"value":"pl-pl","label":"PL-PL"},{"value":"play","label":"PLAY"},{"value":"plug","label":"PLUG"},{"value":"plus","label":"PLUS"},{"value":"plus-squares","label":"PLUS-SQUARES"},{"value":"polls","label":"POLLS"},{"value":"price-tag","label":"PRICE-TAG"},{"value":"print","label":"PRINT"},{"value":"product-menu","label":"PRODUCT-MENU"},{"value":"product-menu-closed","label":"PRODUCT-MENU-CLOSED"},{"value":"product-menu-open","label":"PRODUCT-MENU-OPEN"},{"value":"propagation","label":"PROPAGATION"},{"value":"pt-br","label":"PT-BR"},{"value":"pt-pt","label":"PT-PT"},{"value":"question-circle","label":"QUESTION-CIRCLE"},{"value":"question-circle-full","label":"QUESTION-CIRCLE-FULL"},{"value":"quote-left","label":"QUOTE-LEFT"},{"value":"quote-right","label":"QUOTE-RIGHT"},{"value":"radio-button","label":"RADIO-BUTTON"},{"value":"react","label":"REACT"},{"value":"rectangle","label":"RECTANGLE"},{"value":"rectangle-split","label":"RECTANGLE-SPLIT"},{"value":"redo","label":"REDO"},{"value":"relationship","label":"RELATIONSHIP"},{"value":"reload","label":"RELOAD"},{"value":"remove-role","label":"REMOVE-ROLE"},{"value":"remove-style","label":"REMOVE-STYLE"},{"value":"reply","label":"REPLY"},{"value":"repository","label":"REPOSITORY"},{"value":"reset","label":"RESET"},{"value":"restore","label":"RESTORE"},{"value":"ro-ro","label":"RO-RO"},{"value":"rotate","label":"ROTATE"},{"value":"rss","label":"RSS"},{"value":"rss-full","label":"RSS-FULL"},{"value":"ru-ru","label":"RU-RU"},{"value":"ruler","label":"RULER"},{"value":"rules","label":"RULES"},{"value":"search","label":"SEARCH"},{"value":"search-experiences","label":"SEARCH-EXPERIENCES"},{"value":"search-plus","label":"SEARCH-PLUS"},{"value":"select","label":"SELECT"},{"value":"select-all","label":"SELECT-ALL"},{"value":"select-from-list","label":"SELECT-FROM-LIST"},{"value":"separator","label":"SEPARATOR"},{"value":"shadow","label":"SHADOW"},{"value":"share","label":"SHARE"},{"value":"share-alt","label":"SHARE-ALT"},{"value":"sheets","label":"SHEETS"},{"value":"shield-check","label":"SHIELD-CHECK"},{"value":"shopping-cart","label":"SHOPPING-CART"},{"value":"shortcut","label":"SHORTCUT"},{"value":"sign-in","label":"SIGN-IN"},{"value":"signature","label":"SIGNATURE"},{"value":"simple-circle","label":"SIMPLE-CIRCLE"},{"value":"simulation-menu","label":"SIMULATION-MENU"},{"value":"simulation-menu-closed","label":"SIMULATION-MENU-CLOSED"},{"value":"simulation-menu-open","label":"SIMULATION-MENU-OPEN"},{"value":"site-template","label":"SITE-TEMPLATE"},{"value":"sites","label":"SITES"},{"value":"sk-sk","label":"SK-SK"},{"value":"sl-si","label":"SL-SI"},{"value":"slideshow","label":"SLIDESHOW"},{"value":"social-facebook","label":"SOCIAL-FACEBOOK"},{"value":"social-instagram","label":"SOCIAL-INSTAGRAM"},{"value":"social-linkedin","label":"SOCIAL-LINKEDIN"},{"value":"social-twitter","label":"SOCIAL-TWITTER"},{"value":"social-vimeo","label":"SOCIAL-VIMEO"},{"value":"spacer","label":"SPACER"},{"value":"special-character","label":"SPECIAL-CHARACTER"},{"value":"square","label":"SQUARE"},{"value":"square-hole","label":"SQUARE-HOLE"},{"value":"square-hole-multi","label":"SQUARE-HOLE-MULTI"},{"value":"squares","label":"SQUARES"},{"value":"squares-clock","label":"SQUARES-CLOCK"},{"value":"sr-rs","label":"SR-RS"},{"value":"sr-rs-latin","label":"SR-RS-LATIN"},{"value":"staging","label":"STAGING"},{"value":"star","label":"STAR"},{"value":"star-half","label":"STAR-HALF"},{"value":"star-o","label":"STAR-O"},{"value":"sticky","label":"STICKY"},{"value":"strikethrough","label":"STRIKETHROUGH"},{"value":"subscript","label":"SUBSCRIPT"},{"value":"suitcase","label":"SUITCASE"},{"value":"sun","label":"SUN"},{"value":"superscript","label":"SUPERSCRIPT"},{"value":"sv-se","label":"SV-SE"},{"value":"ta-in","label":"TA-IN"},{"value":"table","label":"TABLE"},{"value":"table2","label":"TABLE2"},{"value":"tablet-landscape","label":"TABLET-LANDSCAPE"},{"value":"tablet-portrait","label":"TABLET-PORTRAIT"},{"value":"tabs","label":"TABS"},{"value":"tag","label":"TAG"},{"value":"tap-ahead","label":"TAP-AHEAD"},{"value":"test","label":"TEST"},{"value":"text","label":"TEXT"},{"value":"text-color","label":"TEXT-COLOR"},{"value":"text-editor","label":"TEXT-EDITOR"},{"value":"text-l","label":"TEXT-L"},{"value":"textbox","label":"TEXTBOX"},{"value":"th-th","label":"TH-TH"},{"value":"theme","label":"THEME"},{"value":"third-party","label":"THIRD-PARTY"},{"value":"thumbs-down","label":"THUMBS-DOWN"},{"value":"thumbs-down-full","label":"THUMBS-DOWN-FULL"},{"value":"thumbs-up","label":"THUMBS-UP"},{"value":"thumbs-up-arrow","label":"THUMBS-UP-ARROW"},{"value":"thumbs-up-full","label":"THUMBS-UP-FULL"},{"value":"time","label":"TIME"},{"value":"times","label":"TIMES"},{"value":"times-circle","label":"TIMES-CIRCLE"},{"value":"times-circle-full","label":"TIMES-CIRCLE-FULL"},{"value":"times-small","label":"TIMES-SMALL"},{"value":"tr-tr","label":"TR-TR"},{"value":"transform","label":"TRANSFORM"},{"value":"trash","label":"TRASH"},{"value":"truck","label":"TRUCK"},{"value":"twitter","label":"TWITTER"},{"value":"uk-ua","label":"UK-UA"},{"value":"underline","label":"UNDERLINE"},{"value":"undo","label":"UNDO"},{"value":"unlock","label":"UNLOCK"},{"value":"unpin","label":"UNPIN"},{"value":"upload","label":"UPLOAD"},{"value":"upload-multiple","label":"UPLOAD-MULTIPLE"},{"value":"urgent","label":"URGENT"},{"value":"user","label":"USER"},{"value":"user-plus","label":"USER-PLUS"},{"value":"users","label":"USERS"},{"value":"vertical-scroll","label":"VERTICAL-SCROLL"},{"value":"vi-vn","label":"VI-VN"},{"value":"video","label":"VIDEO"},{"value":"view","label":"VIEW"},{"value":"vocabulary","label":"VOCABULARY"},{"value":"warehouse","label":"WAREHOUSE"},{"value":"warning","label":"WARNING"},{"value":"warning-full","label":"WARNING-FULL"},{"value":"web-content","label":"WEB-CONTENT"},{"value":"wiki","label":"WIKI"},{"value":"wiki-page","label":"WIKI-PAGE"},{"value":"workflow","label":"WORKFLOW"},{"value":"zh-cn","label":"ZH-CN"},{"value":"zh-tw","label":"ZH-TW"}]},"defaultValue":"add-cell"}]}]}