{"fieldSets":[{"fields":[{"name":"primary","label":"PRIMARY","type":"colorPalette","dataType":"object","defaultValue":{"cssClass":"primary","rgbValue":"#000000"}},{"name":"secondary","label":"SECONDARY","type":"colorPalette","dataType":"object","defaultValue":{"cssClass":"secondary","rgbValue":"#a9a9a9"}},{"name":"white","label":"WHITE","type":"colorPalette","dataType":"object","defaultValue":{"cssClass":"white","rgbValue":"#ffffff"}},{"name":"darkslategrey","label":"DARKSLATEGREY","type":"colorPalette","dataType":"object","defaultValue":{"cssClass":"darkslategrey","rgbValue":"#2f4f4f"}},{"name":"whitesmoke","label":"WHITESMOKE","type":"colorPalette","dataType":"object","defaultValue":{"cssClass":"whitesmoke","rgbValue":"#f5f5f5"}},{"name":"lightgrey","label":"LIGHTGREY","type":"colorPalette","dataType":"object","defaultValue":{"cssClass":"lightgrey","rgbValue":"#d3d3d3"}},{"name":"silver","label":"SILVER","type":"colorPalette","dataType":"object","defaultValue":{"cssClass":"silver","rgbValue":"#c0c0c0"}},{"name":"dimgray","label":"DIMGRAY","type":"colorPalette","dataType":"object","defaultValue":{"cssClass":"dimgray","rgbValue":"#696969"}},{"name":"orange","label":"ORANGE","type":"colorPalette","dataType":"object","defaultValue":{"cssClass":"orange","rgbValue":"#ffa500"}},{"name":"limegreen","label":"LIMEGREEN","type":"colorPalette","dataType":"object","defaultValue":{"cssClass":"limegreen","rgbValue":"#32cd32"}},{"name":"blue","label":"BLUE","type":"colorPalette","dataType":"object","defaultValue":{"cssClass":"blue","rgbValue":"#0000ff"}},{"name":"crimson","label":"CRIMSON","type":"colorPalette","dataType":"object","defaultValue":{"cssClass":"crimson","rgbValue":"#dc143c"}},{"name":"khaki","label":"KHAKI","type":"colorPalette","dataType":"object","defaultValue":{"cssClass":"khaki","rgbValue":"#f0e68c"}},{"name":"tomato","label":"TOMATO","type":"colorPalette","dataType":"object","defaultValue":{"cssClass":"tomato","rgbValue":"#ff6347"}},{"name":"gray","label":"GRAY","type":"colorPalette","dataType":"object","defaultValue":{"cssClass":"gray","rgbValue":"#808080"}}]}]}